id,first_name,last_name,email,gender,ip_address
1,Carola,Potteril,cpotteril0@delicious.com,Female,33.20.121.212
2,Christoper,Evenden,cevenden1@51.la,Male,157.183.12.117
3,Johnath,Elders,jelders2@yelp.com,Female,202.170.220.58
4,Tremain,Jencey,tjencey3@godaddy.com,Male,241.16.36.105
5,Niles,Laughren,nlaughren4@harvard.edu,Male,192.176.169.83
6,Francesco,Trousdale,ftrousdale5@cyberchimps.com,Male,17.207.52.136
7,Billi,Keijser,bkeijser6@cargocollective.com,Female,231.9.12.51
8,Verine,Silversmid,vsilversmid7@ed.gov,Female,216.27.34.171
9,Leoline,Selwood,lselwood8@google.ru,Female,157.135.105.77
10,Saraann,Filipchikov,sfilipchikov9@symantec.com,Female,46.238.119.84
